rank,linear_validation,finetuned_validation,linear_test,finetuned_test
1,4.424778761061947,6.1946902654867255,3.5398230088495577,4.424778761061947
2,6.637168141592921,7.079646017699115,5.752212389380531,6.637168141592921
3,10.619469026548673,10.176991150442479,8.849557522123893,8.849557522123893
4,10.619469026548673,11.946902654867257,11.504424778761061,11.946902654867257
5,11.946902654867257,14.15929203539823,14.15929203539823,12.831858407079647
6,14.15929203539823,18.141592920353983,15.04424778761062,15.929203539823009
7,15.04424778761062,19.02654867256637,16.371681415929203,17.25663716814159
8,16.8141592920354,20.79646017699115,16.371681415929203,17.699115044247787
9,18.58407079646018,21.68141592920354,17.699115044247787,19.02654867256637
10,20.79646017699115,24.336283185840706,18.141592920353983,20.79646017699115
11,22.123893805309734,25.663716814159294,19.469026548672566,22.566371681415927
12,23.008849557522122,27.876106194690266,20.79646017699115,23.008849557522122
13,23.451327433628318,29.20353982300885,23.008849557522122,24.336283185840706
14,24.336283185840706,30.53097345132743,24.336283185840706,26.548672566371685
15,25.221238938053098,31.858407079646017,25.221238938053098,27.876106194690266
16,27.876106194690266,34.070796460176986,26.10619469026549,29.646017699115045
17,28.31858407079646,34.070796460176986,26.10619469026549,29.646017699115045
18,29.20353982300885,34.95575221238938,27.876106194690266,30.973451327433626
19,29.646017699115045,34.95575221238938,29.646017699115045,31.858407079646017
20,30.53097345132743,36.72566371681416,30.973451327433626,32.30088495575221
21,30.53097345132743,37.610619469026545,30.973451327433626,32.743362831858406
22,30.973451327433626,38.93805309734513,31.41592920353982,33.1858407079646
23,32.30088495575221,40.707964601769916,31.858407079646017,33.1858407079646
24,33.1858407079646,41.5929203539823,31.858407079646017,34.070796460176986
25,33.1858407079646,42.0353982300885,32.30088495575221,34.51327433628318
26,34.070796460176986,42.0353982300885,33.1858407079646,34.51327433628318
27,34.51327433628318,43.36283185840708,33.6283185840708,34.95575221238938
28,37.16814159292036,43.80530973451327,34.070796460176986,36.72566371681416
29,38.05309734513274,44.24778761061947,34.51327433628318,38.05309734513274
30,38.49557522123894,44.690265486725664,34.95575221238938,39.38053097345133
31,39.823008849557525,45.57522123893805,34.95575221238938,39.38053097345133
32,40.26548672566372,46.46017699115044,35.84070796460177,42.0353982300885
33,41.150442477876105,47.78761061946903,36.72566371681416,43.80530973451327
34,41.5929203539823,48.23008849557522,37.16814159292036,44.24778761061947
35,42.47787610619469,48.67256637168141,37.16814159292036,45.13274336283185
36,42.47787610619469,50.88495575221239,37.610619469026545,46.46017699115044
37,45.57522123893805,51.32743362831859,38.49557522123894,47.34513274336283
38,46.017699115044245,53.53982300884957,38.93805309734513,47.78761061946903
39,46.46017699115044,53.98230088495575,39.823008849557525,48.23008849557522
40,46.902654867256636,53.98230088495575,40.26548672566372,49.557522123893804
41,48.23008849557522,54.424778761061944,40.707964601769916,49.557522123893804
42,48.23008849557522,55.309734513274336,41.150442477876105,50.88495575221239
43,48.23008849557522,55.309734513274336,42.47787610619469,51.76991150442478
44,48.23008849557522,55.309734513274336,42.92035398230089,51.76991150442478
45,48.67256637168141,57.52212389380531,43.36283185840708,51.76991150442478
46,49.557522123893804,57.52212389380531,43.80530973451327,52.21238938053098
47,51.32743362831859,57.52212389380531,45.13274336283185,52.654867256637175
48,52.21238938053098,58.4070796460177,45.13274336283185,53.09734513274337
49,53.09734513274337,58.849557522123895,45.57522123893805,53.53982300884957
50,53.09734513274337,59.73451327433629,46.902654867256636,53.98230088495575
51,53.53982300884957,59.73451327433629,46.902654867256636,55.309734513274336
52,54.86725663716814,59.73451327433629,48.67256637168141,55.75221238938053
53,56.63716814159292,60.17699115044248,50.0,56.19469026548673
54,56.63716814159292,60.61946902654868,50.442477876106196,56.63716814159292
55,57.52212389380531,61.06194690265486,50.442477876106196,57.52212389380531
56,57.52212389380531,61.94690265486725,50.442477876106196,57.52212389380531
57,57.9646017699115,61.94690265486725,50.88495575221239,57.52212389380531
58,58.849557522123895,62.38938053097345,50.88495575221239,58.849557522123895
59,59.73451327433629,62.83185840707964,51.32743362831859,59.29203539823009
60,60.17699115044248,63.716814159292035,51.32743362831859,59.29203539823009
61,60.17699115044248,64.15929203539822,51.32743362831859,60.17699115044248
62,60.17699115044248,64.60176991150442,51.76991150442478,60.17699115044248
63,60.61946902654868,64.60176991150442,52.654867256637175,61.94690265486725
64,60.61946902654868,65.04424778761062,52.654867256637175,61.94690265486725
65,61.06194690265486,65.929203539823,53.09734513274337,61.94690265486725
66,61.06194690265486,67.2566371681416,53.98230088495575,63.27433628318584
67,61.06194690265486,68.14159292035397,54.424778761061944,63.716814159292035
68,61.504424778761056,68.58407079646017,54.86725663716814,64.60176991150442
69,61.94690265486725,69.02654867256636,55.75221238938053,65.04424778761062
70,61.94690265486725,69.46902654867256,56.19469026548673,65.929203539823
71,62.38938053097345,69.46902654867256,57.07964601769911,66.3716814159292
72,63.27433628318584,69.46902654867256,58.4070796460177,66.8141592920354
73,63.27433628318584,69.46902654867256,58.4070796460177,66.8141592920354
74,63.27433628318584,69.91150442477876,58.849557522123895,66.8141592920354
75,63.716814159292035,70.35398230088495,58.849557522123895,67.2566371681416
76,64.60176991150442,70.35398230088495,59.73451327433629,67.69911504424779
77,64.60176991150442,70.35398230088495,60.17699115044248,68.58407079646017
78,65.48672566371681,70.35398230088495,60.61946902654868,69.46902654867256
79,65.929203539823,70.35398230088495,60.61946902654868,69.46902654867256
80,65.929203539823,70.35398230088495,60.61946902654868,70.35398230088495
81,66.3716814159292,71.23893805309734,61.504424778761056,70.35398230088495
82,67.2566371681416,72.12389380530973,63.27433628318584,70.35398230088495
83,67.2566371681416,73.45132743362832,64.15929203539822,70.79646017699115
84,68.14159292035397,73.45132743362832,64.60176991150442,71.68141592920354
85,68.14159292035397,73.45132743362832,65.48672566371681,71.68141592920354
86,69.02654867256636,73.45132743362832,65.929203539823,71.68141592920354
87,69.46902654867256,74.33628318584071,67.2566371681416,71.68141592920354
88,69.46902654867256,74.33628318584071,68.58407079646017,71.68141592920354
89,69.91150442477876,75.22123893805309,68.58407079646017,73.00884955752213
90,70.35398230088495,75.22123893805309,69.02654867256636,73.00884955752213
91,70.35398230088495,75.22123893805309,69.91150442477876,73.00884955752213
92,70.35398230088495,75.66371681415929,71.23893805309734,73.45132743362832
93,71.68141592920354,76.10619469026548,71.23893805309734,73.45132743362832
94,71.68141592920354,76.54867256637168,71.23893805309734,73.89380530973452
95,71.68141592920354,76.54867256637168,72.12389380530973,73.89380530973452
96,72.12389380530973,76.99115044247787,72.56637168141593,73.89380530973452
97,73.00884955752213,76.99115044247787,72.56637168141593,73.89380530973452
98,73.00884955752213,76.99115044247787,72.56637168141593,74.77876106194691
99,73.45132743362832,76.99115044247787,73.45132743362832,75.66371681415929
100,73.89380530973452,76.99115044247787,73.89380530973452,75.66371681415929
101,74.33628318584071,76.99115044247787,74.33628318584071,76.10619469026548
102,74.33628318584071,76.99115044247787,74.77876106194691,76.10619469026548
103,74.33628318584071,77.43362831858407,75.22123893805309,76.10619469026548
104,74.77876106194691,77.87610619469027,75.66371681415929,76.10619469026548
105,74.77876106194691,77.87610619469027,77.43362831858407,76.10619469026548
106,75.66371681415929,77.87610619469027,77.43362831858407,76.10619469026548
107,76.54867256637168,78.31858407079646,77.87610619469027,77.43362831858407
108,76.54867256637168,78.31858407079646,78.31858407079646,77.43362831858407
109,76.99115044247787,78.76106194690266,78.31858407079646,77.87610619469027
110,77.87610619469027,78.76106194690266,78.31858407079646,77.87610619469027
111,77.87610619469027,78.76106194690266,78.31858407079646,77.87610619469027
112,78.31858407079646,78.76106194690266,78.31858407079646,78.31858407079646
113,78.31858407079646,78.76106194690266,78.31858407079646,79.64601769911505
114,78.31858407079646,79.64601769911505,78.76106194690266,79.64601769911505
115,78.31858407079646,80.53097345132744,78.76106194690266,80.08849557522124
116,78.76106194690266,80.97345132743364,79.64601769911505,80.08849557522124
117,78.76106194690266,80.97345132743364,80.08849557522124,80.97345132743364
118,78.76106194690266,80.97345132743364,80.08849557522124,80.97345132743364
119,78.76106194690266,80.97345132743364,80.08849557522124,81.41592920353983
120,79.20353982300885,80.97345132743364,80.97345132743364,81.85840707964603
121,79.20353982300885,81.41592920353983,80.97345132743364,82.30088495575221
122,79.20353982300885,81.41592920353983,80.97345132743364,83.1858407079646
123,79.64601769911505,81.41592920353983,81.41592920353983,83.1858407079646
124,80.08849557522124,81.85840707964603,81.41592920353983,83.1858407079646
125,80.08849557522124,82.30088495575221,81.41592920353983,83.1858407079646
126,80.08849557522124,82.7433628318584,81.85840707964603,83.6283185840708
127,80.08849557522124,83.6283185840708,82.30088495575221,84.070796460177
128,80.08849557522124,83.6283185840708,83.1858407079646,84.070796460177
129,80.08849557522124,83.6283185840708,83.6283185840708,84.070796460177
130,80.08849557522124,83.6283185840708,83.6283185840708,84.51327433628319
131,80.53097345132744,83.6283185840708,84.070796460177,84.51327433628319
132,80.53097345132744,83.6283185840708,84.51327433628319,84.95575221238938
133,80.53097345132744,83.6283185840708,84.51327433628319,85.39823008849558
134,80.53097345132744,83.6283185840708,84.95575221238938,85.39823008849558
135,80.53097345132744,84.070796460177,84.95575221238938,85.39823008849558
136,80.53097345132744,84.070796460177,85.39823008849558,85.39823008849558
137,81.41592920353983,84.070796460177,85.39823008849558,85.84070796460178
138,81.41592920353983,84.070796460177,85.39823008849558,86.28318584070797
139,81.85840707964603,84.070796460177,85.39823008849558,86.72566371681415
140,82.30088495575221,84.51327433628319,85.39823008849558,86.72566371681415
141,82.30088495575221,85.39823008849558,85.39823008849558,87.61061946902655
142,82.30088495575221,85.39823008849558,85.84070796460178,87.61061946902655
143,82.30088495575221,85.84070796460178,85.84070796460178,87.61061946902655
144,83.1858407079646,86.28318584070797,86.28318584070797,87.61061946902655
145,83.1858407079646,86.28318584070797,86.28318584070797,88.05309734513274
146,83.1858407079646,87.16814159292035,86.28318584070797,88.49557522123894
147,83.1858407079646,87.61061946902655,86.28318584070797,88.49557522123894
148,83.1858407079646,87.61061946902655,86.28318584070797,88.93805309734513
149,83.1858407079646,88.05309734513274,86.28318584070797,89.38053097345133
150,83.6283185840708,88.05309734513274,86.28318584070797,89.38053097345133
151,83.6283185840708,88.05309734513274,86.28318584070797,90.2654867256637
152,84.070796460177,88.05309734513274,86.72566371681415,90.2654867256637
153,84.95575221238938,88.05309734513274,87.16814159292035,90.2654867256637
154,85.39823008849558,88.49557522123894,88.05309734513274,90.2654867256637
155,86.28318584070797,88.49557522123894,88.93805309734513,90.2654867256637
156,86.72566371681415,88.49557522123894,88.93805309734513,90.2654867256637
157,87.16814159292035,88.93805309734513,89.38053097345133,90.2654867256637
158,87.16814159292035,89.38053097345133,89.38053097345133,90.7079646017699
159,87.16814159292035,89.38053097345133,89.82300884955751,91.5929203539823
160,87.61061946902655,89.82300884955751,89.82300884955751,92.03539823008849
161,88.49557522123894,89.82300884955751,90.7079646017699,92.47787610619469
162,88.93805309734513,89.82300884955751,91.1504424778761,92.47787610619469
163,88.93805309734513,89.82300884955751,91.1504424778761,92.47787610619469
164,89.82300884955751,90.2654867256637,91.1504424778761,92.47787610619469
165,90.2654867256637,90.2654867256637,91.1504424778761,92.47787610619469
166,90.2654867256637,90.7079646017699,91.5929203539823,92.47787610619469
167,90.2654867256637,90.7079646017699,91.5929203539823,92.47787610619469
168,90.2654867256637,90.7079646017699,91.5929203539823,92.92035398230088
169,90.2654867256637,90.7079646017699,92.03539823008849,92.92035398230088
170,90.2654867256637,90.7079646017699,92.03539823008849,93.80530973451327
171,90.2654867256637,90.7079646017699,92.47787610619469,93.80530973451327
172,90.2654867256637,91.1504424778761,92.47787610619469,94.24778761061947
173,90.2654867256637,91.5929203539823,92.47787610619469,94.24778761061947
174,90.7079646017699,91.5929203539823,92.47787610619469,95.13274336283186
175,90.7079646017699,91.5929203539823,92.47787610619469,95.13274336283186
176,90.7079646017699,91.5929203539823,92.47787610619469,95.57522123893806
177,90.7079646017699,92.03539823008849,92.47787610619469,95.57522123893806
178,91.1504424778761,92.92035398230088,92.47787610619469,95.57522123893806
179,91.1504424778761,92.92035398230088,92.92035398230088,95.57522123893806
180,91.1504424778761,92.92035398230088,92.92035398230088,95.57522123893806
181,91.1504424778761,92.92035398230088,92.92035398230088,95.57522123893806
182,92.03539823008849,92.92035398230088,93.36283185840708,96.01769911504425
183,92.47787610619469,92.92035398230088,94.24778761061947,96.01769911504425
184,93.36283185840708,93.36283185840708,95.57522123893806,96.01769911504425
185,93.36283185840708,93.36283185840708,95.57522123893806,96.01769911504425
186,93.36283185840708,93.80530973451327,96.46017699115043,96.01769911504425
187,93.36283185840708,93.80530973451327,96.46017699115043,96.01769911504425
188,93.36283185840708,94.24778761061947,96.46017699115043,96.46017699115043
189,93.36283185840708,94.69026548672566,96.46017699115043,96.46017699115043
190,93.80530973451327,94.69026548672566,96.90265486725663,96.46017699115043
191,94.24778761061947,94.69026548672566,96.90265486725663,96.46017699115043
192,94.24778761061947,95.13274336283186,96.90265486725663,96.46017699115043
193,94.24778761061947,95.57522123893806,96.90265486725663,96.46017699115043
194,94.24778761061947,95.57522123893806,96.90265486725663,96.46017699115043
195,94.69026548672566,95.57522123893806,96.90265486725663,96.46017699115043
196,94.69026548672566,95.57522123893806,96.90265486725663,96.46017699115043
197,94.69026548672566,95.57522123893806,96.90265486725663,96.46017699115043
198,95.13274336283186,95.57522123893806,96.90265486725663,96.46017699115043
199,95.13274336283186,96.46017699115043,96.90265486725663,96.46017699115043
200,95.57522123893806,96.46017699115043,96.90265486725663,96.90265486725663
201,96.01769911504425,96.46017699115043,97.34513274336283,97.34513274336283
202,96.01769911504425,96.90265486725663,97.34513274336283,97.34513274336283
203,96.01769911504425,96.90265486725663,97.34513274336283,97.34513274336283
204,96.01769911504425,96.90265486725663,97.78761061946902,97.34513274336283
205,96.01769911504425,96.90265486725663,97.78761061946902,97.34513274336283
206,96.01769911504425,96.90265486725663,98.23008849557522,97.34513274336283
207,96.01769911504425,96.90265486725663,98.23008849557522,97.78761061946902
208,96.90265486725663,97.34513274336283,98.23008849557522,97.78761061946902
209,97.34513274336283,97.34513274336283,98.23008849557522,97.78761061946902
210,97.34513274336283,97.78761061946902,98.23008849557522,97.78761061946902
211,97.34513274336283,97.78761061946902,98.23008849557522,97.78761061946902
212,97.34513274336283,97.78761061946902,98.23008849557522,97.78761061946902
213,97.78761061946902,97.78761061946902,98.67256637168141,98.67256637168141
214,98.67256637168141,98.23008849557522,98.67256637168141,98.67256637168141
215,98.67256637168141,98.23008849557522,99.11504424778761,98.67256637168141
216,98.67256637168141,98.23008849557522,99.11504424778761,98.67256637168141
217,98.67256637168141,98.67256637168141,99.11504424778761,99.11504424778761
218,98.67256637168141,98.67256637168141,99.11504424778761,99.5575221238938
219,98.67256637168141,98.67256637168141,99.11504424778761,99.5575221238938
220,99.11504424778761,98.67256637168141,99.11504424778761,99.5575221238938
221,99.11504424778761,98.67256637168141,99.5575221238938,99.5575221238938
222,99.11504424778761,99.11504424778761,99.5575221238938,99.5575221238938
223,99.11504424778761,99.5575221238938,99.5575221238938,99.5575221238938
224,99.11504424778761,99.5575221238938,100.0,100.0
225,100.0,100.0,100.0,100.0
226,100.0,100.0,100.0,100.0
